{
	"name": "GenericSCDType2",
	"properties": {
		"folder": {
			"name": "GenericSCD"
		},
		"type": "MappingDataFlow",
		"typeProperties": {
			"sources": [
				{
					"dataset": {
						"referenceName": "GenericDataset",
						"type": "DatasetReference"
					},
					"name": "GenericInput"
				},
				{
					"dataset": {
						"referenceName": "SqlDimension",
						"type": "DatasetReference"
					},
					"name": "ExistingDimensionTable"
				}
			],
			"sinks": [
				{
					"dataset": {
						"referenceName": "SqlDimension",
						"type": "DatasetReference"
					},
					"name": "DimensionTableSink"
				}
			],
			"transformations": [
				{
					"name": "NewAndUpdatedRows"
				},
				{
					"name": "AddHashInput"
				},
				{
					"name": "AddHashExisting"
				},
				{
					"name": "GetMaxSurrogateKey"
				},
				{
					"name": "AddKey"
				},
				{
					"name": "JoinWithMaxSurrogateKey"
				},
				{
					"name": "AddDimensionColumns"
				},
				{
					"name": "FilterForUpdatedValues"
				},
				{
					"name": "UpdateObsolete"
				},
				{
					"name": "DropUnwantedColsInput"
				},
				{
					"name": "UnionAllData"
				},
				{
					"name": "MarkAsUpdate"
				},
				{
					"name": "DropUnwantedColumns"
				},
				{
					"name": "MarkAsInsert"
				},
				{
					"name": "FilterForActive"
				}
			],
			"script": "parameters{\n\tPrimaryKey as string ('ID'),\n\tColumns as string ('Player,Team,Salary')\n}\nsource(allowSchemaDrift: true,\n\tvalidateSchema: false,\n\tignoreNoFilesFound: false) ~> GenericInput\nsource(allowSchemaDrift: true,\n\tvalidateSchema: false,\n\tignoreNoFilesFound: false,\n\tisolationLevel: 'READ_UNCOMMITTED',\n\tformat: 'table') ~> ExistingDimensionTable\nAddHashInput, AddHashExisting exists(AddHashInput@id_hash == AddHashExisting@id_hash\n\t&& AddHashInput@columns_hash == AddHashExisting@columns_hash,\n\tnegate:true,\n\tbroadcast: 'auto')~> NewAndUpdatedRows\nGenericInput derive(id_hash = md5(byName($PrimaryKey)),\n\t\tcolumns_hash = md5(byNames(split($Columns,',')))) ~> AddHashInput\nFilterForActive derive(id_hash = md5(byNames(split($PrimaryKey,','))),\n\t\tcolumns_hash = md5(byNames(split($Columns,',')))) ~> AddHashExisting\nAddHashExisting aggregate(MaxSurrogateKey = max(toInteger(byName('Key')))) ~> GetMaxSurrogateKey\nNewAndUpdatedRows keyGenerate(output(Key as long),\n\tstartAt: 1L) ~> AddKey\nAddKey, GetMaxSurrogateKey join(Key == MaxSurrogateKey || true(),\n\tjoinType:'cross',\n\tbroadcast: 'right')~> JoinWithMaxSurrogateKey\nJoinWithMaxSurrogateKey derive(Key = Key + MaxSurrogateKey,\n\t\tActive = 1,\n\t\tActiveStartTime = currentUTC(),\n\t\tActiveEndTime = toTimestamp(toString(null()))) ~> AddDimensionColumns\nAddHashExisting, NewAndUpdatedRows exists(AddHashExisting@id_hash == AddHashInput@id_hash,\n\tnegate:false,\n\tbroadcast: 'auto')~> FilterForUpdatedValues\nFilterForUpdatedValues derive(Active = 0,\n\t\tActiveEndTime = currentUTC()) ~> UpdateObsolete\nAddDimensionColumns select(mapColumn(\n\t\teach(match(!in(['id_hash','columns_hash','MaxSurrogateKey'],name)))\n\t),\n\tskipDuplicateMapInputs: true,\n\tskipDuplicateMapOutputs: true) ~> DropUnwantedColsInput\nMarkAsInsert, DropUnwantedColumns union(byName: true)~> UnionAllData\nUpdateObsolete alterRow(updateIf(true())) ~> MarkAsUpdate\nMarkAsUpdate select(mapColumn(\n\t\teach(match(!in(['id_hash','columns_hash','MaxSurrogateKey'],name)))\n\t),\n\tskipDuplicateMapInputs: true,\n\tskipDuplicateMapOutputs: true) ~> DropUnwantedColumns\nDropUnwantedColsInput alterRow(insertIf(true())) ~> MarkAsInsert\nExistingDimensionTable filter(toInteger(byName('Active')) == 1) ~> FilterForActive\nUnionAllData sink(allowSchemaDrift: true,\n\tvalidateSchema: false,\n\tdeletable:false,\n\tinsertable:true,\n\tupdateable:true,\n\tupsertable:false,\n\tkeys:[($PrimaryKey)],\n\tformat: 'table',\n\tskipDuplicateMapInputs: true,\n\tskipDuplicateMapOutputs: true) ~> DimensionTableSink"
		}
	}
}