{
	"name": "GenericDataset",
	"properties": {
		"linkedServiceName": {
			"referenceName": "ADLS",
			"type": "LinkedServiceReference"
		},
		"parameters": {
			"Folder": {
				"type": "string"
			}
		},
		"folder": {
			"name": "SCD"
		},
		"annotations": [],
		"type": "DelimitedText",
		"typeProperties": {
			"location": {
				"type": "AzureBlobFSLocation",
				"folderPath": {
					"value": "@dataset().Folder",
					"type": "Expression"
				},
				"fileSystem": "demo"
			},
			"columnDelimiter": ",",
			"escapeChar": "\\",
			"firstRowAsHeader": true,
			"quoteChar": "\""
		},
		"schema": []
	},
	"type": "Microsoft.DataFactory/factories/datasets"
}